Dudley,Daffney,
Duddy,Daffy,
Hagrid,Hadley,
Sirius,Sandy,
Harry,Grace,
Dudley,Daffney,
Petunia,Phil,
Vernon,Viola,
Filch,Frieda,
Ted,Tilly,
Neville,Shannon,
Jordan,Jackson,
Albus,Ally,
Crabbe,Collins,
Quirrell,Williams,
Hedwig,Hillary,
Pomfrey,Phillips,
Goyle,Jillin,
Ron,Rhonda,
Ronald,Rhonda,
Malfoy,Flossy,
Ronan,Roslyn,
Fred,Lisa,
Nicolas,Katy,
George,Rebecca,
Hermione,Henry,
Dumbledore,Magee,
Snape,Slick,
Parvati,Prince,
Severus,Sally,
McGonagall,Mitchell,
Voldemort,Spradulus,
Bane,Bette,
Flitwick,Fister,
Firenze,Philly,
Lily,Liam,
James,Jody,
Norris,Newbold,
Peeves,Prissa,
Ginny,Jason,
Bill,Belinda,
Jim, Jill,
Nick,Nicole,
headmistress,headmaster,
headmaster,headmistress,
Mr,Ms,
Mrs,Mr,
Ms,Mr,
Miss,Mr,
her,him,
him,her,
hers,his
his,her,
boy,girl,
boys,girls,
girl,boy,
woman,man,
women,men,
men,women,
man,woman,
nephew,niece,
niece,nephew,
gentleman,lady,
lady,gentleman,
mother,father,
father,mother
sister,brother,
brother,sister,
sir,madam,
madam,sir,
mam,sir,
uncle,aunt,
aunt,uncle,
miss,sir,
he,she,
she,he,
son,daughter,
husband,wife,
wife,husband,
himself,herself,
herself,himself,
mustache,chin,
beard,chin,
Hers,His
His,Hers,
Boy,Girl,
Girl,Boy,
Him,Her,
Her,Him,
Woman,Man,
Women,Men,
Men,Women,
Man,Woman,
Gentleman,Lady,
Lady,Gentleman,
Mother,Father,
Father,Mother
Sister,Brother,
Brother,Sister,
Sir,Madam,
Madam,Sir,
Mam,Sir,
Uncle,Aunt,
Aunt,Uncle,
Miss,Sir,
He,She,
She,He,
Son,Daughter,
Husband,Wife,
Wife,Husband,
Himself,Herself,
Herself,Himself,
Mustache,Chin,
Beard,Chin,
Nephew,Niece,
Niece,Nephew,
Boys,Girls,
Auntie,Uncle,
Marge,Bob,
